external_id,onestop_id,entity,name,related
rec00qSzZL8KqiXAo,o-9q5b-longbeachtransit,operator,Long Beach Transit,f-9q5b-longbeachtransit;f-longbeachtransit~rt
rec0FfOvKIMZu1Qjs,o-9q5by-lynwoodtrolley~breeze,operator,Lynwood Breeze Trolley,f-lynwood~trolley
rec0bKUhHAajTNIlf,o-9qdc-fresnopublictransportationfax,operator,Fresno Area Express,f-9qdc-gis4ufresnogov;f-9qdc-gis4ufresnogov~rt
rec0mPaKPAdemkyOV,o-9q5cm-huntingtonparkexpress,operator,Huntington Park Express,f-huntingtonpark~ca~us
rec0sMQyK2v8Cs4Io,o-9r11-glenntransitservice,operator,Glenn Transit Service,f-glenn~ca~us
rec21lizHh1D0uU00,o-9q5cp-downeylink,operator,DowneyLINK,f-downey~ca~us;f-downey~ca~us~rt
rec2DteW2sfmBJRsH,o-9qdd-maderaareaexpress,operator,Madera Metro,f-9qdd-maderaareaexpress~ca~us
rec2JrGQTZZh54ieL,o-9qdc-clovistransit,operator,Clovis Transit,f-9qdc-clovistransit~ca~us;f-9qdc-clovistransit~ca~us~rt
rec2LbE0IBKBAkvQr,o-west~hollywood,operator,City of West Hollywood,f-west~hollywood;f-west~hollywood~rt
rec2mqmTSs2fd2Ogc,o-9qh1g-baldwinparktransit,operator,Baldwin Park Transit,f-baldwinpark~ca~us;f-baldwinpark~ca~us~rt
rec2nYLvujeMxCVJW,o-9qnqp-needlesareatransit,operator,Needles Area Transit,f-needles~ca~us
rec38PbjPbEy2Tvdu,o-imperial~valley~transit~ca~us,operator,Imperial Valley Transit,f-imperial~valley~transit~ca~us
rec3d3ltF8TijTaTx,o-9qd-fresnocountyruraltransitagency,operator,Fresno County Rural Transit Agency,f-9qd-fresnocounty~ca~us
rec3u4aMplqObcoTR,o-9qft-tahoetransportationdistrict,operator,Tahoe Transportation District,f-tahoe~ca~rt;f-tahoe~ca~rt~alerts;f-tahoe~ca~us
rec4Vi2TfrtSAgp8i,o-yurok~ca~us,operator,Yurok Tribe,f-yurok~ca~us;f-yurok~riverotterferry~ca~us
rec4YWVqVwJ9XqDbq,o-tulare~county~regional~transit~agency,operator,Tulare County Regional Transit Agency,f-tulare~county~regional~transit~agency;f-tulare~county~regional~transit~agency~rt
rec4pgjrmdhCh4z01,o-9q5-ladot,operator,Los Angeles Department of Transportation,f-9q5-ladot;f-ladot~rt
rec5MLJKrAgeM8f6H,o-9q6-kingsarearuraltransit,operator,Kings Area Rural Transit,f-9q6-kcapta~ca~us;f-kingsarearuraltransit~rt
rec5Q3mEXcHPpQ8bn,o-9r-sagestage,operator,Sage Stage,f-9r-sagestage
rec5ome04BbA9uf4y,o-9q5c-culvercitybus,operator,Culver CityBus,f-9q5c-culvercitybus;f-culvercitybus~rt
rec6Z3DnERm3OwFzw,o-9muq-lagunabeachtransit,operator,Laguna Beach Transit,f-9muq-lagunabeach~ca~us;f-laguna~beach~transit~local~flex
rec6gNibVKjDVy4aX,o-9q7n-visaliatransit,operator,Visalia Transit,f-visalia;f-visaliatransit~rt
rec6z2ivjTxc8Sag3,o-9q5f7-burbankbus,operator,Burbank Bus,f-9q5f7-burbankbus;f-burbankbus~rt
rec78KctfPkBZC5IJ,o-9r4-lassenruralbus,operator,Lassen Rural Bus,f-9r4-lassen~ca~us;f-lassen~rural~busand~dial~a~ride~flex
rec7ggteJZheTOceq,o-9q4-cityoflompoctransitcolt,operator,City of Lompoc Transit,f-city~of~lompoc~transit
rec860cgWfE3MaiHw,o-9q5-lagobus,operator,Los Angles County Public Works,f-9q5-dpwlacounty~ca~us
rec8etsmgpnGTuigh,o-manteca~transit,operator,Manteca Transit,f-manteca~transit;f-manteca~transit~flex;f-manteca~transit~rt
rec8zhnCPETu6qEiH,o-9q5b-beachcitiestransit~cityofredondobeach,operator,Beach Cities Transit - City of Redondo Beach,f-redondo~beach~cities~transit;f-redondo~beach~cities~transit~rt
rec95jQfgwy7Nka0m,o-universityofsandiegotram~ca~us,operator,University of San Diego Tram Services,f-universityofsandiegotram~ca~us;f-universityofsandiegotram~ca~us~rt
rec9sI67HygZotDqo,o-9qcbb-cityofloditransit~grapeline,operator,City of Lodi Transit,f-9qcbb-cityofloditransit~grapeline
rec9zGMJgNnes75K1,o-9q4-santamariaareatransit,operator,Santa Maria Area Transit,f-9q4-smat~ca~us;f-9q4-smat~ca~us~rt
recA1biVMpq7hztxb,o-sanfernando~ca~us,operator,City of San Fernando,f-sanfernando~ca~us
recAjJl5bQLfZ0sFK,o-9q9h-stanford~marguerite,operator,Stanford Marguerite Shuttle,f-9q9h-stanford~marguerite
recAkDqkvBJrM6Z6U,o-9qk6-ridgerunner,operator,Ridgerunner,f-cityofridgecrest~ca~us
recBBqHJqX8xzj9P4,o-9r2-siskiyoutransitandgeneralexpress,operator,Siskiyou Transit and General Express,f-9r2-siskiyou~ca~us
recBW9vkDYWIKPIu4,o-ucla~bruinbus,operator,UCLA BruinBus,f-ucla~bruinbus;f-ucla~bruinbus~rt
recBiunkSvSVhXa6J,o-clean~air~express~ca~us,operator,Clean Air Express,f-clean~air~express~ca~us;f-clean~air~express~ca~us~rt
recDD2rnkl2m7IV8u,o-9qc-placercountytransit,operator,Placer County Transit,f-9qc-placercountytransit
recDFXyxaWQpiY4mw,o-9q9-santacruzmetro,operator,Santa Cruz Metropolitan Transit District,f-9q9-scmtdcom;f-9q9-scmtdcom~rt
recEDVdKwYUSkGBRd,o-9qc-eldoradotransit,operator,El Dorado Transit,f-9qc-eldoradotransit~ca~us
recEHMkhVmzSWO9nZ,o-sanjuancapistrano~ca~us,operator,San Juan Capistrano,f-sanjuancapistrano~ca~us;f-sanjuancapistrano~ca~us~rt
recEtov4XTJZDjtuj,o-9r1h-tehamaruralareaexpress,operator,Tehama Rural Area Express,f-9r1-tehama~ca~us
recFqVabH8109u70q,o-9qf-calaverastransit,operator,Calaveras Connect,f-9qf-calaveras~ca~us
recG5aXxDPI645S86,o-9qh-omnitrans,operator,OmniTrans,f-9qh-omnitrans
recGcv4NidDjwVSiN,o-9myr-paloverdevalleytransitagency,operator,Palo Verde Valley Transit Agency,f-9myr-paloverdevalley~ca~us;f-9myr-paloverdevalley~ca~us~rt
recH2FdHvrL7nIpHA,o-9qc7-yolobusyolocounty,operator,Yolo County Transportation District,f-9qc7-yolobusyolocounty;f-9qc7-yolobusyolocounty~rt
recHbquam1bWEwC3P,o-9qhf-mountaintransit,operator,Mountain Transit,f-9qhf-bigbear~ca~us
recI1fuNpr306H0hw,o-9r0-reddingareabusauthority,operator,Redding Area Bus Authority,f-9r0-redding~ca~us;f-9r0-redding~ca~us~flex;f-9r0-redding~ca~us~rt;f-9r0-redding~ca~us~rt~alerts;f-utel~uiuc~intercity~bus
recIh3vq8jwuuJlvL,o-9q7-goldenempiretransitdistrict,operator,Golden Empire Transit District,f-9q7-getbus;f-9q7-getbus~rt
recImm5SmW2zq9rMT,o-santa~clarita,operator,City of Santa Clarita Transit,f-santa~clarita;f-santa~clarita~rt
recJHFDLpGRMIFgnL,o-9q5c-bigbluebus,operator,Big Blue Bus,f-9q5c-bigbluebus;f-bigbluebus~rt
recJM6YEszIqlBbrb,o-sanpedrotrolley~ca~us,operator,San Pedro Trolley,f-sanpedrotrolley~ca~us;f-sanpedrotrolley~ca~us~rt
recJcXMNC5MUm2uDe,o-9qh-victorvalleytransitauthority,operator,Victor Valley Transit Authority,f-9qh-victorville~ca~us
recJk2sQrZAYUPMID,o-9q5f-glendalebeeline,operator,Glendale Beeline,f-9q5f-glendalebeeline
recK4si1uIoj6HfrO,o-9mu-irvine~ca~us,operator,City of Irvine,f-9mu-irvine~ca~us;f-irvine~ca~us~rt
recK5xIowqx4sGVMT,o-9r0-trinitytransit,operator,Trinity Transit,f-9r0-trinity~ca~us
recKsb5FnJy70up78,o-9-amtrak,operator,Amtrak,f-9-amtrak~amtrakcalifornia~amtrakcharteredvehicle;f-amtrakvermonter~vt~us
recMM99msxjmc6PPv,o-9q60w-cityofsanluisobispotransit,operator,City of San Luis Obispo Transit,f-9q60w-cityofsanluisobispotransit;f-9q60w-cityofsanluisobispotransit~rt
recNaKvzVQhGX1puu,o-9q5cz-alhambracommunitytransit,operator,Alhambra Community Transit,f-alhambra~ca~us;f-alhambra~ca~us~rt
recNeVOEwWUtYe8xm,o-9q9y-escalon~ca~us,operator,City of Escalon eTrans,f-9q9y-escalon~ca~us;f-9q9y-escalon~ca~us~rt
recO3X2ot0GH9a5sg,o-9q5b4-palosverdespeninsulatransitauthority,operator,Palos Verdes Peninsula Transit Authority,f-9q5b4-pvpta~ca~us
recOkSEcrVmWdQ8e1,o-9qh2s-coronacruiser,operator,Corona Cruiser,f-9qh2s-corona~ca~us
recOnKhqF25crJt4q,o-9pr-redwoodcoasttransit,operator,Redwood Coast Transit,f-9pr-delnorte~ca~us;f-redwood~coast~del~norte~flex;f-redwood~coast~transit~rt;f-redwood~coast~transit~rt~alerts
recPkUZgzjCjk5GrV,o-9qh1-norwalktransitsystem,operator,Norwalk Transit System,f-9qh1-norwalktransitsystem;f-9qh1-norwalktransitsystem~rt
recPnGkwdpnr8jmHB,o-9q5-metro~losangeles,operator,Los Angeles County Metropolitan Transportation Authority,f-9q5-metro~losangeles;f-9q5-metro~losangeles~rail;f-metro~losangeles~alerts;f-metro~losangeles~bus~rt;f-metro~losangeles~rail~rt
recPwXKbGLL4aIqXV,o-9qb-laketransit,operator,Lake Transit,f-9qb-laketransit~ca~us;f-9qb-laketransit~ca~us~rt
recQRoE5mcCn6kdti,o-point~or~us,operator,The POINT,f-point~or~us;f-utel~uiuc~intercity~bus
recRBcrX4ZvTyvSnm,o-9mu-northcountytransitdistrict,operator,North County Transit District,f-9mu-northcountytransitdistrict;f-northcountrytransitdistrict~rt;f-northcountrytransitdistrict~rt~alerts
recROsnN85RlZziSj,o-delano~ca~us,operator,Delano Area Rapid Transit,f-delano~ca~us
recRajLNJI206nnAr,o-9q-easternsierratransitauthority,operator,Eastern Sierra Transit Authority,f-9q-easternsierra~ca~us;f-9q-easternsierra~ca~us~rt;f-9q-easternsierra~ca~us~rt~alerts;f-eastern~sierra~bishop~lone~pine~flex;f-utel~uiuc~intercity~bus
recSBFiK95hJnJuYx,o-9qf-amadortransit,operator,Amador Transit,f-9qf-amador~ca~us
recSiaaMmBXW7fUZS,o-9q9-modestoareaexpress,operator,Stanislaus Regional Transit Authority (StanRTA),f-9q9-modesto~ca~us;f-modestoareaexpress~rt
recU2uRqDJL4SdI4E,o-9q7-arvintransit,operator,Arvin Transit,f-arvin~ca~us
recUdTq5QiUjJRiAe,o-9qcs-rosevilletransit,operator,Roseville Transit,f-9qcs-rosevilletransit;f-rosevilletransit~rt
recV6WAkk4yeeVZLh,o-maywood~ca~us,operator,City of Maywood Express,f-maywood~ca~us
recVSX7dwjxAb557T,o-9qd-thebus,operator,Merced County Transit,f-9qd-mercedthebus~ca~us;f-9qd-mercedthebus~ca~us~rt
recWLwvtjXhiVWjKt,o-9qd-maderacountyconnection,operator,Madera County Connection,f-madera~county~connection;f-madera~county~connection~rt;f-madera~county~connection~rt~alerts
recX4nQfupRQf3xGD,o-9q5b-gtrans,operator,City of Gardena,f-gtrans~ca~us;f-gtrans~ca~us~rt
recYCwx3XAl2PaJCU,o-9muy-tritontransit,operator,UC San Diego Transportation Services,f-9muy-tritontransit;f-9muy-tritontransit~rt
recYgajd92VLqio1p,o-9qh-riversidetransitagency,operator,Riverside Transit Agency,f-9qh-riversidetransitagency;f-rta~rt
recZgWVXkpix390of,o-9qc-sanjoaquinregionaltransitdistrictrtd,operator,San Joaquin Regional Transit District,f-9qc-sanjoaquinrtd;f-sanjoaquinrtd~rt
recaOcdHA5QVgmlhF,o-cattracks~ca~us,operator,"University of California, Merced",f-cattracks~ca~us
recbMtOZTPh8dnUEZ,o-9r4-plumastransit,operator,Plumas Transit,f-9r4-plumas~ca~us
reccAVEcMntkbh6aY,o-9q5cx-spiritbus,operator,City of Monterey Park,f-9q5cx-montereypark~ca~us;f-9q5cx-montereypark~ca~us~rt
reccEj7tecw0n60FO,o-blossomexpress~ca~us,operator,Blossom Express,f-blossomexpress~ca~us
recd0hxcumVMausDU,o-9q5c-cityofcommercemunicipalbuslines,operator,City of Commerce Municipal Bus Lines,f-9q5c-cityofcommercemunicipalbuslines;f-9q5c-cityofcommercemunicipalbuslines~rt
recdLxGPqFmJLG21a,o-laxflyaway,operator,LAX Flyaway,f-laxflyaway;f-laxflyaway~rt
recdtVOFdFyypMSUL,o-9q9ws-tracer,operator,City of Tracy,f-tracy~tracer;f-tracy~tracer~rt
receSouvQI31vHz4D,o-danapointtrolley~ca~us,operator,Dana Point Trolley,f-danapointtrolley~ca~us;f-danapointtrolley~ca~us~rt
receZJ9sEnP9vy3g0,o-9q9-monterey~salinastransit,operator,Monterey-Salinas Transit,f-9q9-monterey~salinastransit;f-mst~rt
recf7l9tozKXOmqqZ,o-butte~regional~transit,operator,Butte Regional Transit,f-butte~regional~transit;f-butte~regional~transit~rt
recfbLFdDnCxgIfAB,o-ace~shuttles~san,operator,ACE Parking,f-ace~shuttles~san
recfehHpcFaXUXhkt,o-9px-currypublictransit,operator,Curry Public Transit,f-9px-currypublictransit
recfma7GNR5lQTTTg,o-9mu-orangecountytransportationauthority,operator,Orange County Transportation Authority,f-9mu-orangecountytransportationauthority;f-octa~rt
recgHuX80JSFzGPFQ,o-csumb~ca~us,operator,California State University Monterey Bay,f-csumb~ca~us
recgJ1yxWPKvQM1eZ,o-pepperdineuniversity~ca~us,operator,Pepperdine University,f-pepperdineuniversity~ca~us;f-pepperdineuniversity~ca~us~rt
recgTWOUlAuVUbNv4,o-csulbshuttle~ca~us,operator,Cal State Long Beach Shuttle,f-csulbshuttle~ca~us;f-csulbshuttle~ca~us~rt
recgsY5iTcDhjK0Ju,o-9q5b-carsoncircuit,operator,Carson Circuit,f-carson~ca~us
rech0BusKA17h0vuL,o-9qc-yuba~suttertransit,operator,Yuba-Sutter Transit,f-9qc-yubasutter~ca~us;f-9qc-yubasutter~ca~us~rt
reciWrBgYsAIm9eKK,o-9qhc-beaumonttransitsystem,operator,Beaumont Transit,f-9qhc-beaumont~ca~us;f-9qhc-beaumont~ca~us~rt;f-9qhc-beaumont~ca~us~rt~alerts
reciakGBN1DP9dK9N,o-9q6-sanluisobisporegionaltransitauthority,operator,San Luis Obispo Regional Transit Authority,f-9q6-sanluisobisporegionaltransitauthority~pasoroblesexpress~so;f-9q6-sanluisobisporegionaltransitauthority~pasoroblesexpress~so~rt
recj8LXdeSurpSRNU,o-9q5bf-lawndalebeat,operator,Lawndale Beat,f-9q5bf-lawndale~ca~us;f-9q5bf-lawndale~ca~us~rt
recjaoK08lDmhjQga,o-9qh44-arcadiatransit,operator,Arcadia Transit,f-arcadia~ca~us;f-arcadia~ca~us~rt
reckGS8egMZryjbX7,o-missionviejo~ca~us,operator,City of Mission Viejo,f-mission~viejo~shuttle;f-mission~viejo~shuttle~rt
reckp33bhAuZlmO1M,o-9q4s-a11214029,operator,Santa Ynez Valley Transit,f-santa~ynez~valley~transit;f-santa~ynez~valley~transit~rt
reclU04qh7BD3tRBl,o-covina~ca~us,operator,City of Covina,f-covina~ca~us
reclbzT9trIiGwjBB,o-tuolumnecountytransit~ca~us,operator,Tuolumne County Transit Agency,f-tuolumnecountytransit~ca~us
recmQVsPDG6sLtD6j,o-9qdj3-turlocktransit,operator,Turlock Transit,f-turlock~ca~rt;f-turlock~ca~us;f-turlock~ca~us~rt~alerts
recniaSbsXcRSLsWe,o-9qj-morongobasintransitauthority,operator,Morongo Basin Transit Authority,f-morongo~basin;f-morongo~basin~rt
recoQlk5crf3n72AS,o-fresnostatebulldogexpress~ca~us,operator,Fresno State Bulldog Express,f-fresnostatebulldogexpress~ca~us;f-fresnostatebulldogexpress~ca~us~rt
recoRzMb9zCV1Ta0x,o-9qh1f-elmontetransit,operator,El Monte Transit,f-9qh1f-elmontetransit
recohwwty1Jn4lnsb,o-9qh1-montebellobuslines,operator,Montebello Bus Lines,f-montebello~bus;f-montebello~bus~rt
recpWBEjXzLHqCjhE,o-9qb-mendocinotransitauthority,operator,Mendocino Transit Authority,f-9qb-mendocino~ca~us
recsBfXgev9ICDCY1,o-9q8zj-presidigo,operator,PresidiGo,f-presidigo~ca~us;f-presidigo~ca~us~rt
recsrpnpj2oZXBvE6,o-9qc-southcountytransitlink,operator,South County Transit Link,f-southcountytransitlink~ca~us
recswCrw6a6htmXJ4,o-9q4g-santabarbaramtd,operator,Santa Barbara Metropolitan Transit District,f-9q4g-santabarbaramtd;f-9q4g~santabarbaramtd~rt
rectXzoXm6gBuNBHK,o-9q5cs-newportbeach,operator,City of Newport Beach,f-9q5cs-newportbeach~ca~us;f-9q5cs-newportbeach~ca~us~rt
recuGkFhN2WXGK67H,o-9qhb-cityofbanningtransit,operator,City of Banning Transit,f-banning~pass~transit;f-banning~pass~transit~rt;f-banning~pass~transit~rt~alerts
recupQmz2bSZtGWEa,o-9q5cp-bellgardenstrolley,operator,Bell Gardens Trolley,f-bellgardens~ca~us
recvUNSLR7o56gsyl,o-9q99-sanbenitocountyexpress,operator,San Benito County Express,f-9q99-sanbenitocountyexpress
recvUlrKS1N2mvAwk,o-9q9-sanjoaquins,operator,San Joaquin Joint Powers Authority,f-9q9-sanjoaquins
recvzE9NXgGMmqcTH,o-9q5b-torrancetransit,operator,Torrance Transit,f-9q5b-torrancetransit;f-torrancetransit~rt
recwBSFrVmbeGqn0g,o-lagunanigueltrolley~ca~us,operator,Laguna Niguel Trolley,f-lagunanigueltrolley~ca~us;f-lagunanigueltrolley~ca~us~rt
recwTLLx2Qq4yzwWH,o-9q5bv-comptonrenaissancetransit,operator,Compton Renaissance Transit,f-compton~ca~us
recwXqWJOQZMhdBbg,o-9q5bz-bellflowerbus,operator,Bellflower Bus,f-bellflower~ca~us
recwtQ7m3C59jbnrc,o-sanclementetrolley~ca~us,operator,San Clemente Trolley,f-sanclementetrolley~ca~us;f-sanclementetrolley~ca~us~rt
recxlxkA0bYVEU3JM,o-9qh1s-gowestshuttle,operator,City of West Covina,f-westcovina~ca~us
recxsWR0KRrQTdjmg,o-antelope~valley~transit~authority,operator,Antelope Valley Transit Authority,f-antelope~valley~transit~authority;f-antelope~valley~transit~authority~rt
reczF5Y8R9CUJmfSy,o-9q5f-pasadenatransit,operator,Pasadena Transit,f-9q5f-pasadenatransit;f-pasadenatransit~rt
reczIiFqdL5AXTpm1,o-9q7-kerntransit,operator,Kern Transit,f-9q7-kerncounty~ca~us;f-kerncounty~ca~rt
reczUcQgqgtMpkpKC,o-9qcy-nevadacountygoldcountrystage,operator,Nevada County,f-9qcy-nevadacountygoldcountrystage;f-nevadacountygoldcountrystage~rt;f-nevadacountygoldcountrystage~rt~alerts
