external_id,onestop_id,entity,name,related
1017,f-metro~malaga,feed,Málaga Metro,o-metro~malaga
1110,f-dq0d-wavetransit,feed,Cape Fear Public Transportation Authority,o-dq0d-wavetransit
1156,f-dqch-prtc,feed,Potomac and Rappahannock Transportation Commission,o-dqch-prtc
1250,f-wyp-unobus~宇野自動車株式会社,feed,宇野自動車株式会社,o-wyp-unobus~宇野自動車株式会社 o-wyp-宇野自動車株式会社
1270,f-ztp~krakow~tram,feed,Kraków Tram GTFS,o-u2yh-ztp~krakow
1272,f-eyck-cascaispróximaemsa,feed,Cascais Próxima E.M. S.A.,o-eyck-cascaispróximaemsa
1299,f-fredericksburg~regional~transit,feed,Fredericksburg Regional Transit,o-fredericksburg~regional~transit
1324,f-jaunt~inc~va,feed,Jaunt,o-dqb-vajaunt
1326,f-ztp~krakow~bus,feed,Kraków Bus GTFS,o-u2yh-ztp~krakow
1792,f-rioonibus~br,feed,Internorte,o-75cj-internorte o-75cj-intersul o-75cj-mobi~rio o-75cj-santacruz o-75cj-transcarioca
1909,f-transjakarta~id,feed,,
1927,f-transportes~urbanos~de~braga,feed,,
2,f-dpwh-londontransit,feed,London Transit,o-dpwh-londontransit
2026,f-relaxsan~ca~us,feed,,
2127,f-spez-paysdaixmobilite,feed,Aix en Bus,o-s-aixenbus o-s-bsdagglopole o-s-busdeletang o-s-ciotabus o-s-lesbusdescigales o-s-mtm o-s-ulysse o-spe-car13 o-spev-marcouline o-spew-lesbusdelacotebleue o-spey-leslignesdelagglo o-spey-rtm o-spez-paysdaixmobilite o-spg-envia o-u-sncf
2131,f-dt~mx,feed,Daytrip Shuttle,o-daytrip~shuttle
3129,f-c20g-c~tran~flex,feed,Clark County Public Transportation Benefit Area,o-c20g-c~tran
626,f-djn-floridadepartmentoftransportation,feed,Central Florida Commuter Rail Commission,o-djn-floridadepartmentoftransportation
853,f-u-flixbus,feed,Greyhound,o-greyhound~flix o-u-flixbus
857,f-u0xepe-avv,feed,Augsburger Verkehrs- und Tarifverbund,o-u0xepe-avv
