external_id,onestop_id,entity,name,related,odpt_dataset_id
AkihaBusService,f-akihabusservice~alllines~jp~rt,feed,秋葉バスサービス株式会社,o-akihabusservice,AllLines
GunmaBus,f-gunmabus~alllines~jp~rt,feed,株式会社群馬バス,o-gunmabus,AllLines
HakodateCity,f-hakodatecity~alllines~jp~rt,feed,函館市企業局,o-hakodatecity,Alllines
HokkaidoTakushokuBus,f-hokkaidotakushokubus~takusyoku~regular~line~jp~rt,feed,北海道拓殖バス株式会社,o-hokkaidotakushokubus,Takusyoku_regular_line
IyotetsuBus,f-iyotetsubus~alllines~jp~rt,feed,伊予鉄バス株式会社,o-iyotetsubus,AllLines
IzuhakoneBus,f-izuhakonebus~izhb~jp~rt,feed,伊豆箱根バス株式会社,o-izuhakonebus,IZHB
JoshinHire,f-joshinhire~alllines~jp~rt,feed,上信ハイヤー株式会社,o-joshinhire,AllLines
JoshinKankoBus,f-joshinkankobus~alllines~jp~rt,feed,株式会社上信観光バス,o-joshinkankobus,AllLines
Kan_etsuTransportation,f-kan~etsutransportation~alllines~jp~rt,feed,関越交通株式会社,o-kan~etsutransportation,AllLines
KantoBus,f-kantobus~alllines~jp~rt,feed,関東バス株式会社,o-kantobus,AllLines
KawasakiTsurumiRinkoBus,f-kawasakitsurumirinkobus~allrinko~jp~rt,feed,川崎鶴見臨港バス株式会社,o-kawasakitsurumirinkobus,allrinko
KeifukuBus,f-keifukubus~keifuku~rosen~jp~rt,feed,京福バス株式会社,o-keifukubus,keifuku_rosen
KeioBus,f-keiobus~alllines~jp~rt,feed,京王電鉄バス株式会社,o-keiobus,AllLines
KeiseiTransitBus,f-keiseitransitbus~alllines~jp~rt,feed,京成トランジットバス株式会社,o-keiseitransitbus,AllLines
KiyoseCity,f-kiyosecity~kiyobus~jp~rt,feed,清瀬市,o-kiyosecity,KiyoBus
KyotoBus,f-kyotobus~alllinesanotherversion~jp~rt,feed,京都バス株式会社,o-kyotobus,AllLinesAnotherversion
KyotoBus,f-kyotobus~alllines~jp~rt,feed,京都バス株式会社,o-kyotobus,AllLines
NishiTokyoBus,f-nishitokyobus~ntbus~jp~rt,feed,西東京バス株式会社,o-nishitokyobus,NTBus
SendaiMunicipal,f-sendaimunicipal~bus~realtime~information~jp~rt,feed,仙台市交通局,o-sendaimunicipal,bus_realtime_information
SentetsuBus,f-sentetsubus~alllines~jp~rt,feed,船木鉄道株式会社,o-sentetsubus,AllLines
Shimoden,f-shimoden~shimoden~bus~gtfs~realtime~jp~rt,feed,下津井電鉄株式会社,o-shimoden,Shimoden_BUS_GTFS_Realtime
TakasakiCity,f-takasakicity~yosiibus~jp~rt,feed,高崎市,o-takasakicity,yosiibus
TokaiKisen,f-tokaikisen~alllines~jp~rt,feed,東海汽船株式会社,o-tokaikisen,AllLines
TokyoSuginamiCity,f-tokyosuginamicity~greenslowmobility~jp~rt,feed,杉並区,o-tokyosuginamicity,GreenSlowMobility
TosaCity,f-tosacity~alllines~jp~rt,feed,土佐市,o-tosacity,AllLines
TosadenTraffic,f-tosadentraffic~airportbus~jp~rt,feed,とさでん交通株式会社,o-tosadentraffic,Airportbus
TosadenTraffic,f-tosadentraffic~regularbus~jp~rt,feed,とさでん交通株式会社,o-tosadentraffic,Regularbus
TransportationBureau_CityOfKawasaki,f-transportationbureau~cityofkawasaki~alllines~jp~rt,feed,川崎市交通局,o-transportationbureau~cityofkawasaki,AllLines
